,timestamp,value
0,1578873600.0,532232091.0
1,1578873900.0,766973833.0
2,1578874200.0,765413437.0
3,1578874500.0,465940217.0
4,1578874800.0,761122921.0
5,1578875100.0,780002804.0
6,1578875400.0,771501056.0
7,1578875700.0,355483188.0
8,1578876000.0,719516031.0
9,1578876300.0,662487274.0
10,1578876600.0,629301074.0
11,1578876900.0,696357611.0
12,1578877200.0,672315869.0
13,1578877500.0,646517045.0
14,1578877800.0,577686398.0
15,1578878100.0,517209464.0
16,1578878400.0,627312718.0
17,1578878700.0,1088356656.0
18,1578879000.0,604752715.0
19,1578879300.0,725036428.0
20,1578879600.0,836673061.0
21,1578879900.0,1620218879.0
22,1578880200.0,791002497.0
23,1578880500.0,844051029.0
24,1578880800.0,852663452.0
25,1578881100.0,936598004.0
26,1578881400.0,1014241178.0
27,1578881700.0,849500274.0
28,1578882000.0,820622705.0
29,1578882300.0,796426826.0
30,1578882600.0,856358079.0
31,1578882900.0,878405979.0
32,1578883200.0,795754372.0
33,1578883500.0,767656868.0
34,1578883800.0,912580640.0
35,1578884100.0,1136520770.0
36,1578884400.0,1272007367.0
37,1578884700.0,906117510.0
38,1578885000.0,992418371.0
39,1578885300.0,1185626915.0
40,1578885600.0,948625513.0
41,1578885900.0,816000977.0
42,1578886200.0,888499417.0
43,1578886500.0,915880003.0
44,1578886800.0,910207677.0
45,1578887100.0,861073205.0
46,1578887400.0,902279494.0
47,1578887700.0,837691402.0
48,1578888000.0,866320384.0
49,1578888300.0,1237409667.0
50,1578888600.0,857821708.0
51,1578888900.0,798322533.0
52,1578889200.0,826530572.0
53,1578889500.0,945929603.0
54,1578889800.0,879571093.0
55,1578890100.0,978597036.0
56,1578890400.0,782100593.0
57,1578890700.0,805072790.0
58,1578891000.0,854666920.0
59,1578891300.0,1002168834.0
60,1578891600.0,665093325.0
61,1578891900.0,684645824.0
62,1578892200.0,686968571.0
63,1578892500.0,631798472.0
64,1578892800.0,575439716.0
65,1578893100.0,626354814.0
66,1578893400.0,591488469.0
67,1578893700.0,622917919.0
68,1578894000.0,551220416.0
69,1578894300.0,608730434.0
70,1578894600.0,551276046.0
71,1578894900.0,571652495.0
72,1578895200.0,571766659.0
73,1578895500.0,575780671.0
74,1578895800.0,614770735.0
75,1578896100.0,764391678.0
76,1578896400.0,678140789.0
77,1578896700.0,677395758.0
78,1578897000.0,634636056.0
79,1578897300.0,640325696.0
80,1578897600.0,703507202.0
81,1578897900.0,682153206.0
82,1578898200.0,756522042.0
83,1578898500.0,862969898.0
84,1578898800.0,751991279.0
85,1578899100.0,813766660.0
86,1578899400.0,664154154.0
87,1578899700.0,730097113.0
88,1578900000.0,734735250.0
89,1578900300.0,823038636.0
90,1578900600.0,773494529.0
91,1578900900.0,834830471.0
92,1578901200.0,900397711.0
93,1578901500.0,749241247.0
94,1578901800.0,689018712.0
95,1578902100.0,766419867.0
96,1578902400.0,823287832.0
97,1578902700.0,883014032.0
98,1578903000.0,676097036.0
99,1578903300.0,843139563.0
100,1578903600.0,809006611.0
101,1578903900.0,831781037.0
102,1578904200.0,864596172.0
103,1578904500.0,744336402.0
104,1578904800.0,760134143.0
105,1578905100.0,917714138.0
106,1578905400.0,736764782.0
107,1578905700.0,721132879.0
108,1578906000.0,699681347.0
109,1578906300.0,704922239.0
110,1578906600.0,689051842.0
111,1578906900.0,1155536491.0
112,1578907200.0,763379661.0
113,1578907500.0,636040068.0
114,1578907800.0,805662895.0
115,1578908100.0,794467294.0
116,1578908400.0,692516245.0
117,1578908700.0,730278069.0
118,1578909000.0,758085209.0
119,1578909300.0,711042066.0
120,1578909600.0,133417258.0
121,1578909900.0,596148296.0
122,1578910200.0,697448825.0
123,1578910500.0,687558563.0
124,1578910800.0,695873466.0
125,1578911100.0,583611690.0
126,1578911400.0,606432096.0
127,1578911700.0,856467162.0
128,1578912000.0,853475382.0
129,1578912300.0,1903169435.0
130,1578912600.0,1148482220.0
131,1578912900.0,585654387.0
132,1578913200.0,595928511.0
133,1578913500.0,769716441.0
134,1578913800.0,683473647.0
135,1578914100.0,749786014.0
136,1578914400.0,544921106.0
137,1578914700.0,504924080.0
138,1578915000.0,545797712.0
139,1578915300.0,472960716.0
140,1578915600.0,501139855.0
141,1578915900.0,544132276.0
142,1578916200.0,171823822.0
143,1578916500.0,969729858.0
144,1578916800.0,537327449.0
145,1578917100.0,523141577.0
146,1578917400.0,837534485.0
147,1578917700.0,632948490.0
148,1578918000.0,491109923.0
149,1578918300.0,652612435.0
150,1578918600.0,551882203.0
151,1578918900.0,528190265.0
152,1578919200.0,499892685.0
153,1578919500.0,535863168.0
154,1578919800.0,499278110.0
155,1578920100.0,480953070.0
156,1578920400.0,492368970.0
157,1578920700.0,466789689.0
158,1578921000.0,537118855.0
159,1578921300.0,463998237.0
160,1578921600.0,474651708.0
161,1578921900.0,478735924.0
162,1578922200.0,524592567.0
163,1578922500.0,465407423.0
164,1578922800.0,468841761.0
165,1578923100.0,482738007.0
166,1578923400.0,513999774.0
167,1578923700.0,487223532.0
168,1578924000.0,525107738.0
169,1578924300.0,497912899.0
170,1578924600.0,509286614.0
171,1578924900.0,474652830.0
172,1578925200.0,465348559.0
173,1578925500.0,458271043.0
174,1578925800.0,455559523.0
175,1578926100.0,450497175.0
176,1578926400.0,473203674.0
177,1578926700.0,474766287.0
178,1578927000.0,470322745.0
179,1578927300.0,443840783.0
180,1578927600.0,473920902.0
181,1578927900.0,461359217.0
182,1578928200.0,524048550.0
183,1578928500.0,468464866.0
184,1578928800.0,469191920.0
185,1578929100.0,443832841.0
186,1578929400.0,454430218.0
187,1578929700.0,456894429.0
188,1578930000.0,437594449.0
189,1578930300.0,466770351.0
190,1578930600.0,487373651.0
191,1578930900.0,444797878.0
192,1578931200.0,445966812.0
193,1578931500.0,429108152.0
194,1578931800.0,450486086.0
195,1578932100.0,451065986.0
196,1578932400.0,471854113.0
197,1578932700.0,449031713.0
198,1578933000.0,456966292.0
199,1578933300.0,444203295.0
200,1578933600.0,465292875.0
201,1578933900.0,446010711.0
202,1578934200.0,460619596.0
203,1578934500.0,439974419.0
204,1578934800.0,440026250.0
205,1578935100.0,440122229.0
206,1578935400.0,458664089.0
207,1578935700.0,441248754.0
208,1578936000.0,427621885.0
209,1578936300.0,448338525.0
210,1578936600.0,456369806.0
211,1578936900.0,452590080.0
212,1578937200.0,431878213.0
213,1578937500.0,429894564.0
214,1578937800.0,442275197.0
215,1578938100.0,431673555.0
216,1578938400.0,443502547.0
217,1578938700.0,432899473.0
218,1578939000.0,464712216.0
219,1578939300.0,439171500.0
220,1578939600.0,432646325.0
221,1578939900.0,431179477.0
222,1578940200.0,414389113.0
223,1578940500.0,429931328.0
224,1578940800.0,437574431.0
225,1578941100.0,440608109.0
226,1578941400.0,434681121.0
227,1578941700.0,453262361.0
228,1578942000.0,456697625.0
229,1578942300.0,435212934.0
230,1578942600.0,440826812.0
231,1578942900.0,455250546.0
232,1578943200.0,436398585.0
233,1578943500.0,463526793.0
234,1578943800.0,433020868.0
235,1578944100.0,439852205.0
236,1578944400.0,424844433.0
237,1578944700.0,434722842.0
238,1578945000.0,420263419.0
239,1578945300.0,434722751.0
240,1578945600.0,438073353.0
241,1578945900.0,436259359.0
242,1578946200.0,434420553.0
243,1578946500.0,441997447.0
244,1578946800.0,432954681.0
245,1578947100.0,438732980.0
246,1578947400.0,430989566.0
247,1578947700.0,444096749.0
248,1578948000.0,452987054.0
249,1578948300.0,441845004.0
250,1578948600.0,440983361.0
251,1578948900.0,445500489.0
252,1578949200.0,432087804.0
253,1578949500.0,440927816.0
254,1578949800.0,428840373.0
255,1578950100.0,441360224.0
256,1578950400.0,440979587.0
257,1578950700.0,444206471.0
258,1578951000.0,435449850.0
259,1578951300.0,442452302.0
260,1578951600.0,434093684.0
261,1578951900.0,444127243.0
262,1578952200.0,428978494.0
263,1578952500.0,442459229.0
264,1578952800.0,440282754.0
265,1578953100.0,464726712.0
266,1578953400.0,437784718.0
267,1578953700.0,438999240.0
268,1578954000.0,530394362.0
269,1578954300.0,440576671.0
270,1578954600.0,438579793.0
271,1578954900.0,437295585.0
272,1578955200.0,440780953.0
273,1578955500.0,465587684.0
274,1578955800.0,467818977.0
275,1578956100.0,454420426.0
276,1578956400.0,452505545.0
277,1578956700.0,442681909.0
278,1578957000.0,452812366.0
279,1578957300.0,453436418.0
280,1578957600.0,458206888.0
281,1578957900.0,419880869.0
282,1578958200.0,460449804.0
283,1578958500.0,494367968.0
284,1578958800.0,480972163.0
285,1578959100.0,454379901.0
286,1578959400.0,474037318.0
287,1578959700.0,465768904.0
288,1578960000.0,457882850.0
289,1578960300.0,507325388.0
290,1578960600.0,514637566.0
291,1578960900.0,493711293.0
292,1578961200.0,496600540.0
293,1578961500.0,507655649.0
294,1578961800.0,483821157.0
295,1578962100.0,523504668.0
296,1578962400.0,567906498.0
297,1578962700.0,517373005.0
298,1578963000.0,592245832.0
299,1578963300.0,599090383.0
300,1578963600.0,1090908881.0
301,1578963900.0,1086278408.0
302,1578964200.0,1252854745.0
303,1578964500.0,1395037204.0
304,1578964800.0,948936717.0
305,1578965100.0,1247523004.0
306,1578965400.0,1292514477.0
307,1578965700.0,1278551157.0
308,1578966000.0,1329518022.0
309,1578966300.0,847012579.0
310,1578966600.0,1813549347.0
311,1578966900.0,1625642307.0
312,1578967200.0,1677313470.0
313,1578967500.0,1471662695.0
314,1578967800.0,1085631933.0
315,1578968100.0,1198116379.0
316,1578968400.0,1234723062.0
317,1578968700.0,1254733306.0
318,1578969000.0,1281553031.0
319,1578969300.0,1163707042.0
320,1578969600.0,1260579909.0
321,1578969900.0,1146643638.0
322,1578970200.0,1162875724.0
323,1578970500.0,1133502080.0
324,1578970800.0,1375529798.0
325,1578971100.0,1201411593.0
326,1578971400.0,1037285011.0
327,1578971700.0,992728606.0
328,1578972000.0,988970346.0
329,1578972300.0,1094737999.0
330,1578972600.0,1159114597.0
331,1578972900.0,1073894356.0
332,1578973200.0,1039685561.0
333,1578973500.0,1070389212.0
334,1578973800.0,1148725822.0
335,1578974100.0,608711342.0
336,1578974400.0,731261318.0
337,1578974700.0,1068162493.0
338,1578975000.0,891639772.0
339,1578975300.0,1356618032.0
340,1578975600.0,1177529623.0
341,1578975900.0,1648885899.0
342,1578976200.0,1674444175.0
343,1578976500.0,1668747867.0
344,1578976800.0,1440630535.0
345,1578977100.0,1377371579.0
346,1578977400.0,1591181758.0
347,1578977700.0,1503513485.0
348,1578978000.0,1242516976.0
349,1578978300.0,971735874.0
350,1578978600.0,946931708.0
351,1578978900.0,955892847.0
352,1578979200.0,979321938.0
353,1578979500.0,757625014.0
354,1578979800.0,739646256.0
355,1578980100.0,714160708.0
356,1578980400.0,721839529.0
357,1578980700.0,767736427.0
358,1578981000.0,692321033.0
359,1578981300.0,682029209.0
360,1578981600.0,686356445.0
361,1578981900.0,811916779.0
362,1578982200.0,781732881.0
363,1578982500.0,755407158.0
364,1578982800.0,691213772.0
365,1578983100.0,633366301.0
366,1578983400.0,688665111.0
367,1578983700.0,671682255.0
368,1578984000.0,716803681.0
369,1578984300.0,712083736.0
370,1578984600.0,692281339.0
371,1578984900.0,629571251.0
372,1578985200.0,659184569.0
373,1578985500.0,695751218.0
374,1578985800.0,1026078909.0
375,1578986100.0,979285311.0
376,1578986400.0,754183426.0
377,1578986700.0,972208887.0
378,1578987000.0,993411692.0
379,1578987300.0,745362641.0
380,1578987600.0,759718995.0
381,1578987900.0,700511781.0
382,1578988200.0,763979286.0
383,1578988500.0,785101084.0
384,1578988800.0,824785572.0
385,1578989100.0,738484698.0
386,1578989400.0,767219108.0
387,1578989700.0,757188811.0
388,1578990000.0,783508069.0
389,1578990300.0,819497410.0
390,1578990600.0,1269034300.0
391,1578990900.0,1070242728.0
392,1578991200.0,1263604179.0
393,1578991500.0,1107527149.0
394,1578991800.0,1258183508.0
395,1578992100.0,818473085.0
396,1578992400.0,689510551.0
397,1578992700.0,775398922.0
398,1578993000.0,838575076.0
399,1578993300.0,739309777.0
400,1578993600.0,844520917.0
401,1578993900.0,1303570008.0
402,1578994200.0,1552883065.0
403,1578994500.0,1556137648.0
404,1578994800.0,928702396.0
405,1578995100.0,832824056.0
406,1578995400.0,726614995.0
407,1578995700.0,700054081.0
408,1578996000.0,743271209.0
409,1578996300.0,641945592.0
410,1578996600.0,49625377.0
411,1578996900.0,0.0
412,1578997200.0,0.0
413,1578997500.0,0.0
414,1578997800.0,0.0
415,1578998100.0,0.0
416,1578998400.0,0.0
417,1578998700.0,0.0
418,1578999000.0,0.0
419,1578999300.0,0.0
420,1578999600.0,0.0
421,1578999900.0,0.0
422,1579000200.0,0.0
423,1579000500.0,0.0
424,1579000800.0,0.0
425,1579001100.0,0.0
426,1579001400.0,0.0
427,1579001700.0,0.0
428,1579002000.0,0.0
429,1579002300.0,0.0
430,1579002600.0,0.0
431,1579002900.0,0.0
432,1579003200.0,0.0
433,1579003500.0,0.0
434,1579003800.0,0.0
435,1579004100.0,0.0
436,1579004400.0,0.0
437,1579004700.0,0.0
438,1579005000.0,0.0
439,1579005300.0,0.0
440,1579005600.0,0.0
441,1579005900.0,0.0
442,1579006200.0,0.0
443,1579006500.0,0.0
444,1579006800.0,0.0
445,1579007100.0,0.0
446,1579007400.0,0.0
447,1579007700.0,0.0
448,1579008000.0,0.0
449,1579008300.0,0.0
450,1579008600.0,0.0
451,1579008900.0,0.0
452,1579009200.0,0.0
453,1579009500.0,0.0
454,1579009800.0,0.0
455,1579010100.0,0.0
456,1579010400.0,0.0
457,1579010700.0,0.0
458,1579011000.0,0.0
459,1579011300.0,0.0
460,1579011600.0,0.0
461,1579011900.0,0.0
462,1579012200.0,0.0
463,1579012500.0,0.0
464,1579012800.0,0.0
465,1579013100.0,0.0
466,1579013400.0,0.0
467,1579013700.0,0.0
468,1579014000.0,0.0
469,1579014300.0,0.0
470,1579014600.0,18585514.0
471,1579014900.0,502405312.0
472,1579015200.0,490343373.0
473,1579015500.0,41101283.0
474,1579015800.0,486051338.0
475,1579016100.0,503520424.0
476,1579016400.0,467005061.0
477,1579016700.0,478689434.0
478,1579017000.0,88675053.0
479,1579017300.0,474470302.0
480,1579017600.0,494448344.0
481,1579017900.0,489642813.0
482,1579018200.0,505644563.0
483,1579018500.0,477897076.0
484,1579018800.0,471549734.0
485,1579019100.0,485370251.0
486,1579019400.0,466369201.0
487,1579019700.0,479477004.0
488,1579020000.0,458800638.0
489,1579020300.0,477633600.0
490,1579020600.0,466795699.0
491,1579020900.0,465566559.0
492,1579021200.0,469967035.0
493,1579021500.0,520686248.0
494,1579021800.0,514112433.0
495,1579022100.0,498615809.0
496,1579022400.0,479985358.0
497,1579022700.0,498421528.0
498,1579023000.0,464805967.0
499,1579023300.0,466991247.0
500,1579023600.0,477832408.0
501,1579023900.0,461908023.0
502,1579024200.0,463231991.0
503,1579024500.0,488484388.0
504,1579024800.0,481013195.0
505,1579025100.0,468650611.0
506,1579025400.0,462716168.0
507,1579025700.0,461015058.0
508,1579026000.0,460060839.0
509,1579026300.0,468336086.0
510,1579026600.0,460572224.0
511,1579026900.0,457653498.0
512,1579027200.0,467218893.0
513,1579027500.0,454563309.0
514,1579027800.0,461161719.0
515,1579028100.0,469791353.0
516,1579028400.0,462836293.0
517,1579028700.0,448468411.0
518,1579029000.0,473966365.0
519,1579029300.0,478658857.0
520,1579029600.0,469867135.0
521,1579029900.0,470357075.0
522,1579030200.0,464321237.0
523,1579030500.0,902786118.0
524,1579030800.0,447279423.0
525,1579031100.0,463674148.0
526,1579031400.0,451719578.0
527,1579031700.0,528103115.0
528,1579032000.0,456918765.0
529,1579032300.0,475955782.0
530,1579032600.0,460385731.0
531,1579032900.0,461551153.0
532,1579033200.0,454843039.0
533,1579033500.0,538715702.0
534,1579033800.0,909785648.0
535,1579034100.0,471812549.0
536,1579034400.0,471877267.0
537,1579034700.0,477080542.0
538,1579035000.0,476507353.0
539,1579035300.0,444497457.0
540,1579035600.0,463347022.0
541,1579035900.0,464341841.0
542,1579036200.0,484602273.0
543,1579036500.0,478129465.0
544,1579036800.0,483063305.0
545,1579037100.0,463987929.0
546,1579037400.0,476387331.0
547,1579037700.0,445105860.0
548,1579038000.0,461759342.0
549,1579038300.0,450148148.0
550,1579038600.0,468575463.0
551,1579038900.0,469716372.0
552,1579039200.0,473086879.0
553,1579039500.0,467489972.0
554,1579039800.0,498297057.0
555,1579040100.0,466178532.0
556,1579040400.0,493939545.0
557,1579040700.0,442355636.0
558,1579041000.0,470392870.0
559,1579041300.0,462790267.0
560,1579041600.0,515833871.0
561,1579041900.0,455331733.0
562,1579042200.0,470559371.0
563,1579042500.0,455338027.0
564,1579042800.0,529349137.0
565,1579043100.0,476259616.0
566,1579043400.0,473608521.0
567,1579043700.0,488065119.0
568,1579044000.0,471593236.0
569,1579044300.0,477049296.0
570,1579044600.0,492680489.0
571,1579044900.0,457677161.0
572,1579045200.0,478611060.0
573,1579045500.0,462615731.0
574,1579045800.0,476607376.0
575,1579046100.0,486023754.0
576,1579046400.0,552033944.0
577,1579046700.0,501016486.0
578,1579047000.0,530290970.0
579,1579047300.0,496306983.0
580,1579047600.0,494315057.0
581,1579047900.0,575590189.0
582,1579048200.0,549061608.0
583,1579048500.0,547986913.0
584,1579048800.0,544050144.0
585,1579049100.0,485182437.0
586,1579049400.0,545427383.0
587,1579049700.0,558017213.0
588,1579050000.0,602367135.0
589,1579050300.0,17467834.0
590,1579050600.0,0.0
591,1579050900.0,0.0
592,1579051200.0,0.0
593,1579051500.0,0.0
594,1579051800.0,0.0
595,1579052100.0,0.0
596,1579052400.0,0.0
597,1579052700.0,0.0
598,1579053000.0,0.0
599,1579053300.0,0.0
600,1579053600.0,0.0
601,1579053900.0,0.0
602,1579054200.0,0.0
603,1579054500.0,0.0
604,1579054800.0,0.0
605,1579055100.0,0.0
606,1579055400.0,0.0
607,1579055700.0,0.0
608,1579056000.0,0.0
609,1579056300.0,0.0
610,1579056600.0,0.0
611,1579056900.0,0.0
612,1579057200.0,0.0
613,1579057500.0,0.0
614,1579057800.0,0.0
615,1579058100.0,0.0
616,1579058400.0,0.0
617,1579058700.0,0.0
618,1579059000.0,0.0
619,1579059300.0,0.0
620,1579059600.0,0.0
621,1579059900.0,0.0
622,1579060200.0,62489696.0
623,1579060500.0,78325349.0
624,1579060800.0,516098949.0
625,1579061100.0,62752313.0
626,1579061400.0,1081623331.0
627,1579061700.0,1778885690.0
628,1579062000.0,762504506.0
629,1579062300.0,759376529.0
630,1579062600.0,827871756.0
631,1579062900.0,711782421.0
632,1579063200.0,661819773.0
633,1579063500.0,613080059.0
634,1579063800.0,649021532.0
635,1579064100.0,602034235.0
636,1579064400.0,576094973.0
637,1579064700.0,541676501.0
638,1579065000.0,596399520.0
639,1579065300.0,558719782.0
640,1579065600.0,548467951.0
641,1579065900.0,511607061.0
642,1579066200.0,569930514.0
643,1579066500.0,535011227.0
644,1579066800.0,533643951.0
645,1579067100.0,525049430.0
646,1579067400.0,565079070.0
647,1579067700.0,542611687.0
648,1579068000.0,636532227.0
649,1579068300.0,587466597.0
650,1579068600.0,662184587.0
651,1579068900.0,636123046.0
652,1579069200.0,672882484.0
653,1579069500.0,700203572.0
654,1579069800.0,641206523.0
655,1579070100.0,666466514.0
656,1579070400.0,611621407.0
657,1579070700.0,665566655.0
658,1579071000.0,745002655.0
659,1579071300.0,692194788.0
660,1579071600.0,741492769.0
661,1579071900.0,749147249.0
662,1579072200.0,898062252.0
663,1579072500.0,766664497.0
664,1579072800.0,800620771.0
665,1579073100.0,751935317.0
666,1579073400.0,739971133.0
667,1579073700.0,729799039.0
668,1579074000.0,723745859.0
669,1579074300.0,785463197.0
670,1579074600.0,781766493.0
671,1579074900.0,714265619.0
672,1579075200.0,724909827.0
673,1579075500.0,819524314.0
674,1579075800.0,786175977.0
675,1579076100.0,734464014.0
676,1579076400.0,715661531.0
677,1579076700.0,712975123.0
678,1579077000.0,810875308.0
679,1579077300.0,771825986.0
680,1579077600.0,794199176.0
681,1579077900.0,830264586.0
682,1579078200.0,681024568.0
683,1579078500.0,723781599.0
684,1579078800.0,669987705.0
685,1579079100.0,838227116.0
686,1579079400.0,639607900.0
687,1579079700.0,611226354.0
688,1579080000.0,666295516.0
689,1579080300.0,638246684.0
690,1579080600.0,807854944.0
691,1579080900.0,719714141.0
692,1579081200.0,664654269.0
693,1579081500.0,735205438.0
694,1579081800.0,654897057.0
695,1579082100.0,757251978.0
696,1579082400.0,695620341.0
697,1579082700.0,768445684.0
698,1579083000.0,848650753.0
699,1579083300.0,784568889.0
700,1579083600.0,663486456.0
701,1579083900.0,584355287.0
702,1579084200.0,649760735.0
703,1579084500.0,748516115.0
704,1579084800.0,1081525706.0
705,1579085100.0,1091955890.0
706,1579085400.0,1080379245.0
707,1579085700.0,1001339882.0
708,1579086000.0,828788946.0
709,1579086300.0,708237425.0
710,1579086600.0,899580127.0
711,1579086900.0,822497082.0
712,1579087200.0,670075637.0
713,1579087500.0,683983522.0
714,1579087800.0,659851825.0
715,1579088100.0,691134214.0
716,1579088400.0,690019272.0
717,1579088700.0,663247812.0
718,1579089000.0,700633463.0
719,1579089300.0,678113295.0
720,1579089600.0,659996747.0
721,1579089900.0,643502570.0
722,1579090200.0,730650251.0
723,1579090500.0,806116199.0
724,1579090800.0,705943530.0
725,1579091100.0,646230101.0
726,1579091400.0,650004643.0
727,1579091700.0,619939785.0
728,1579092000.0,636460534.0
729,1579092300.0,629306580.0
730,1579092600.0,554268036.0
731,1579092900.0,583015303.0
732,1579093200.0,575134413.0
733,1579093500.0,553812911.0
734,1579093800.0,547157234.0
735,1579094100.0,572572757.0
736,1579094400.0,576339762.0
737,1579094700.0,462566927.0
738,1579095000.0,450571932.0
739,1579095300.0,458216376.0
740,1579095600.0,500759908.0
741,1579095900.0,501896910.0
742,1579096200.0,470125473.0
743,1579096500.0,475424718.0
744,1579096800.0,468505463.0
745,1579097100.0,465301432.0
746,1579097400.0,494675487.0
747,1579097700.0,455636843.0
748,1579098000.0,470636077.0
749,1579098300.0,471375567.0
750,1579098600.0,477164132.0
751,1579098900.0,496453637.0
752,1579099200.0,473719470.0
753,1579099500.0,462217429.0
754,1579099800.0,469034835.0
755,1579100100.0,472031151.0
756,1579100400.0,469176726.0
757,1579100700.0,459606705.0
758,1579101000.0,460477987.0
759,1579101300.0,468289571.0
760,1579101600.0,464689500.0
761,1579101900.0,510425105.0
762,1579102200.0,462716117.0
763,1579102500.0,477303212.0
764,1579102800.0,448048089.0
765,1579103100.0,476737468.0
766,1579103400.0,469465480.0
767,1579103700.0,474441083.0
768,1579104000.0,465899632.0
769,1579104300.0,485111156.0
770,1579104600.0,467373447.0
771,1579104900.0,496575291.0
772,1579105200.0,481791210.0
773,1579105500.0,471779436.0
774,1579105800.0,455526307.0
775,1579106100.0,471610659.0
776,1579106400.0,481012715.0
777,1579106700.0,533602052.0
778,1579107000.0,474378495.0
779,1579107300.0,443299092.0
780,1579107600.0,460516425.0
781,1579107900.0,485991282.0
782,1579108200.0,460670264.0
783,1579108500.0,464494839.0
784,1579108800.0,460809102.0
785,1579109100.0,459501270.0
786,1579109400.0,465255500.0
787,1579109700.0,444432963.0
788,1579110000.0,504017028.0
789,1579110300.0,452577670.0
790,1579110600.0,459776515.0
791,1579110900.0,445564241.0
792,1579111200.0,454917516.0
793,1579111500.0,426149022.0
794,1579111800.0,459346837.0
795,1579112100.0,456881686.0
796,1579112400.0,481014559.0
797,1579112700.0,450649289.0
798,1579113000.0,467545470.0
799,1579113300.0,437707754.0
800,1579113600.0,443773089.0
801,1579113900.0,442939997.0
802,1579114200.0,461290602.0
803,1579114500.0,422628928.0
804,1579114800.0,464363270.0
805,1579115100.0,439243989.0
806,1579115400.0,440604740.0
807,1579115700.0,432446322.0
808,1579116000.0,436210381.0
809,1579116300.0,434871946.0
810,1579116600.0,429642375.0
811,1579116900.0,428074089.0
812,1579117200.0,426000798.0
813,1579117500.0,414757501.0
814,1579117800.0,436952998.0
815,1579118100.0,425045938.0
816,1579118400.0,382561316.0
817,1579118700.0,443531685.0
818,1579119000.0,427817815.0
819,1579119300.0,420605879.0
820,1579119600.0,415790831.0
821,1579119900.0,433434392.0
822,1579120200.0,439888869.0
823,1579120500.0,434495216.0
824,1579120800.0,421782926.0
825,1579121100.0,437685122.0
826,1579121400.0,423196833.0
827,1579121700.0,442730716.0
828,1579122000.0,412250168.0
829,1579122300.0,444480955.0
830,1579122600.0,428781737.0
831,1579122900.0,430920646.0
832,1579123200.0,451034311.0
833,1579123500.0,435122701.0
834,1579123800.0,433162371.0
835,1579124100.0,417601418.0
836,1579124400.0,432465716.0
837,1579124700.0,420710606.0
838,1579125000.0,441376768.0
839,1579125300.0,465510080.0
840,1579125600.0,450556292.0
841,1579125900.0,442988000.0
842,1579126200.0,475181870.0
843,1579126500.0,435528010.0
844,1579126800.0,471021300.0
845,1579127100.0,456755679.0
846,1579127400.0,452568500.0
847,1579127700.0,458714697.0
848,1579128000.0,447100658.0
849,1579128300.0,465775712.0
850,1579128600.0,477165576.0
851,1579128900.0,446908565.0
852,1579129200.0,465095256.0
853,1579129500.0,455302840.0
854,1579129800.0,464584199.0
855,1579130100.0,473281868.0
856,1579130400.0,450687755.0
857,1579130700.0,448164485.0
858,1579131000.0,524832889.0
859,1579131300.0,508687237.0
860,1579131600.0,451510498.0
861,1579131900.0,471266102.0
862,1579132200.0,444724738.0
863,1579132500.0,484783817.0
864,1579132800.0,505962767.0
865,1579133100.0,484625618.0
866,1579133400.0,483408541.0
867,1579133700.0,470419136.0
868,1579134000.0,490984357.0
869,1579134300.0,509828049.0
870,1579134600.0,516101682.0
871,1579134900.0,489998370.0
872,1579135200.0,805146429.0
873,1579135500.0,1099275316.0
874,1579135800.0,1088016208.0
875,1579136100.0,798892489.0
876,1579136400.0,628381559.0
877,1579136700.0,955033390.0
878,1579137000.0,1068919105.0
879,1579137300.0,1107577937.0
880,1579137600.0,1027475426.0
881,1579137900.0,1263731352.0
882,1579138200.0,847408480.0
883,1579138500.0,1234931683.0
884,1579138800.0,1159270924.0
885,1579139100.0,1070413616.0
886,1579139400.0,665340484.0
887,1579139700.0,904183464.0
888,1579140000.0,1255293663.0
889,1579140300.0,1141755446.0
890,1579140600.0,989825929.0
891,1579140900.0,1407754283.0
892,1579141200.0,1199065667.0
893,1579141500.0,1158500531.0
894,1579141800.0,1301503729.0
895,1579142100.0,1021192530.0
896,1579142400.0,883567790.0
897,1579142700.0,796531307.0
898,1579143000.0,1059800711.0
899,1579143300.0,1211720582.0
900,1579143600.0,1276991083.0
901,1579143900.0,984895264.0
902,1579144200.0,845620971.0
903,1579144500.0,853454384.0
904,1579144800.0,1413559417.0
905,1579145100.0,1396816981.0
906,1579145400.0,1203877620.0
907,1579145700.0,829288898.0
908,1579146000.0,758625599.0
909,1579146300.0,852631261.0
910,1579146600.0,771207816.0
911,1579146900.0,758082516.0
912,1579147200.0,866029308.0
913,1579147500.0,782445855.0
914,1579147800.0,1210887136.0
915,1579148100.0,1373216613.0
916,1579148400.0,1356317408.0
917,1579148700.0,1206865054.0
918,1579149000.0,1249206710.0
919,1579149300.0,1110207017.0
920,1579149600.0,678275339.0
921,1579149900.0,640454697.0
922,1579150200.0,1005112436.0
923,1579150500.0,550083571.0
924,1579150800.0,530514745.0
925,1579151100.0,564482338.0
926,1579151400.0,525998202.0
927,1579151700.0,523727342.0
928,1579152000.0,500319762.0
929,1579152300.0,586696655.0
930,1579152600.0,594545515.0
931,1579152900.0,658211873.0
932,1579153200.0,541670224.0
933,1579153500.0,489389509.0
934,1579153800.0,499133850.0
935,1579154100.0,536474253.0
936,1579154400.0,546773162.0
937,1579154700.0,546881950.0
938,1579155000.0,633909869.0
939,1579155300.0,569797056.0
940,1579155600.0,692127099.0
941,1579155900.0,947542464.0
942,1579156200.0,897256306.0
943,1579156500.0,797633200.0
944,1579156800.0,676113726.0
945,1579157100.0,752591259.0
946,1579157400.0,617960203.0
947,1579157700.0,1211400868.0
948,1579158000.0,1439104401.0
949,1579158300.0,1205837180.0
950,1579158600.0,790321518.0
951,1579158900.0,804688658.0
952,1579159200.0,718462437.0
953,1579159500.0,660146913.0
954,1579159800.0,623948877.0
955,1579160100.0,645379224.0
956,1579160400.0,794892897.0
957,1579160700.0,742755968.0
958,1579161000.0,703439695.0
959,1579161300.0,651556620.0
960,1579161600.0,741726899.0
961,1579161900.0,797150592.0
962,1579162200.0,679554820.0
963,1579162500.0,692827976.0
964,1579162800.0,681075439.0
965,1579163100.0,706040579.0
966,1579163400.0,686597475.0
967,1579163700.0,627843268.0
968,1579164000.0,619837257.0
969,1579164300.0,660627158.0
970,1579164600.0,621202395.0
971,1579164900.0,675997453.0
972,1579165200.0,682972193.0
973,1579165500.0,651222105.0
974,1579165800.0,658174624.0
975,1579166100.0,644269645.0
976,1579166400.0,571878026.0
977,1579166700.0,631447715.0
978,1579167000.0,802079779.0
979,1579167300.0,1136156539.0
980,1579167600.0,814368067.0
981,1579167900.0,777976284.0
982,1579168200.0,718768955.0
983,1579168500.0,559312577.0
984,1579168800.0,1119447515.0
985,1579169100.0,730046537.0
986,1579169400.0,708827868.0
987,1579169700.0,976723089.0
988,1579170000.0,878670264.0
989,1579170300.0,596233021.0
990,1579170600.0,599293857.0
991,1579170900.0,725937705.0
992,1579171200.0,917769178.0
993,1579171500.0,1055656013.0
994,1579171800.0,886976699.0
995,1579172100.0,785166987.0
996,1579172400.0,1040352273.0
997,1579172700.0,988380611.0
998,1579173000.0,192125236.0
999,1579173300.0,836538347.0
1000,1579173600.0,536459953.0
1001,1579173900.0,512568248.0
1002,1579174200.0,491544545.0
1003,1579174500.0,556542891.0
1004,1579174800.0,498832832.0
1005,1579175100.0,491625043.0
1006,1579175400.0,519576333.0
1007,1579175700.0,499479578.0
1008,1579176000.0,469281992.0
1009,1579176300.0,543122906.0
1010,1579176600.0,482252002.0
1011,1579176900.0,512853816.0
1012,1579177200.0,487424888.0
1013,1579177500.0,478477889.0
1014,1579177800.0,465554216.0
1015,1579178100.0,557050497.0
1016,1579178400.0,514467156.0
1017,1579178700.0,487411776.0
1018,1579179000.0,475298672.0
1019,1579179300.0,487699683.0
1020,1579179600.0,480526438.0
1021,1579179900.0,478623893.0
1022,1579180200.0,477184888.0
1023,1579180500.0,480037683.0
1024,1579180800.0,474542814.0
1025,1579181100.0,471464505.0
1026,1579181400.0,467752896.0
1027,1579181700.0,451077776.0
1028,1579182000.0,507421645.0
1029,1579182300.0,476647086.0
1030,1579182600.0,444457463.0
1031,1579182900.0,477540353.0
1032,1579183200.0,489785602.0
1033,1579183500.0,534957121.0
1034,1579183800.0,590524776.0
1035,1579184100.0,494952818.0
1036,1579184400.0,459336557.0
1037,1579184700.0,482515317.0
1038,1579185000.0,463847629.0
1039,1579185300.0,468114201.0
1040,1579185600.0,536946171.0
1041,1579185900.0,456695219.0
1042,1579186200.0,527071706.0
1043,1579186500.0,463938781.0
1044,1579186800.0,475867362.0
1045,1579187100.0,508495036.0
1046,1579187400.0,522840674.0
1047,1579187700.0,544526642.0
1048,1579188000.0,541737622.0
1049,1579188300.0,468205501.0
1050,1579188600.0,528152044.0
1051,1579188900.0,489935633.0
1052,1579189200.0,470748179.0
1053,1579189500.0,486580377.0
1054,1579189800.0,471290021.0
1055,1579190100.0,474417154.0
1056,1579190400.0,484842348.0
1057,1579190700.0,578894805.0
1058,1579191000.0,519075486.0
1059,1579191300.0,493496857.0
1060,1579191600.0,501316837.0
1061,1579191900.0,461844172.0
1062,1579192200.0,470277159.0
1063,1579192500.0,472761165.0
1064,1579192800.0,451033161.0
1065,1579193100.0,443590977.0
1066,1579193400.0,450453806.0
1067,1579193700.0,443713752.0
1068,1579194000.0,449859062.0
1069,1579194300.0,475180136.0
1070,1579194600.0,564914856.0
1071,1579194900.0,533029784.0
1072,1579195200.0,484943982.0
1073,1579195500.0,516729976.0
1074,1579195800.0,532669419.0
1075,1579196100.0,510293023.0
1076,1579196400.0,450656646.0
1077,1579196700.0,440307061.0
1078,1579197000.0,470092631.0
1079,1579197300.0,439445448.0
1080,1579197600.0,442864637.0
1081,1579197900.0,429143580.0
1082,1579198200.0,436069070.0
1083,1579198500.0,419307701.0
1084,1579198800.0,433262176.0
1085,1579199100.0,420832657.0
1086,1579199400.0,439325689.0
1087,1579199700.0,444213517.0
1088,1579200000.0,435721530.0
1089,1579200300.0,413546304.0
1090,1579200600.0,428269389.0
1091,1579200900.0,429232292.0
1092,1579201200.0,439023945.0
1093,1579201500.0,436590185.0
1094,1579201800.0,434337069.0
1095,1579202100.0,473336790.0
1096,1579202400.0,435590687.0
1097,1579202700.0,493271502.0
1098,1579203000.0,440356365.0
1099,1579203300.0,464198775.0
1100,1579203600.0,446880538.0
1101,1579203900.0,439974927.0
1102,1579204200.0,428144994.0
1103,1579204500.0,448888963.0
1104,1579204800.0,436739019.0
1105,1579205100.0,450539376.0
1106,1579205400.0,447620835.0
1107,1579205700.0,434733724.0
1108,1579206000.0,447714190.0
1109,1579206300.0,447529074.0
1110,1579206600.0,436680514.0
1111,1579206900.0,427020220.0
1112,1579207200.0,435374321.0
1113,1579207500.0,451453592.0
1114,1579207800.0,458712678.0
1115,1579208100.0,458670884.0
1116,1579208400.0,452084998.0
1117,1579208700.0,457511586.0
1118,1579209000.0,479482089.0
1119,1579209300.0,474978146.0
1120,1579209600.0,470779514.0
1121,1579209900.0,467416276.0
1122,1579210200.0,491087488.0
1123,1579210500.0,471310536.0
1124,1579210800.0,510704836.0
1125,1579211100.0,504707717.0
1126,1579211400.0,484290120.0
1127,1579211700.0,485966953.0
1128,1579212000.0,572198330.0
1129,1579212300.0,475458504.0
1130,1579212600.0,470349961.0
1131,1579212900.0,474228646.0
1132,1579213200.0,474804798.0
1133,1579213500.0,470166321.0
1134,1579213800.0,510639607.0
1135,1579214100.0,450106803.0
1136,1579214400.0,502549315.0
1137,1579214700.0,462678790.0
1138,1579215000.0,483742080.0
1139,1579215300.0,483540158.0
1140,1579215600.0,485787935.0
1141,1579215900.0,462644919.0
1142,1579216200.0,474591932.0
1143,1579216500.0,456521102.0
1144,1579216800.0,478991369.0
1145,1579217100.0,462717847.0
1146,1579217400.0,481318580.0
1147,1579217700.0,458380378.0
1148,1579218000.0,511942442.0
1149,1579218300.0,458823330.0
1150,1579218600.0,499466992.0
1151,1579218900.0,553932328.0
1152,1579219200.0,527827456.0
1153,1579219500.0,529952045.0
1154,1579219800.0,484644846.0
1155,1579220100.0,503823814.0
1156,1579220400.0,499217636.0
1157,1579220700.0,510403430.0
1158,1579221000.0,524340143.0
1159,1579221300.0,540135300.0
1160,1579221600.0,522288039.0
1161,1579221900.0,549104446.0
1162,1579222200.0,632244035.0
1163,1579222500.0,921155823.0
1164,1579222800.0,1067352015.0
1165,1579223100.0,1037995601.0
1166,1579223400.0,760755594.0
1167,1579223700.0,688911669.0
1168,1579224000.0,611398317.0
1169,1579224300.0,661298570.0
1170,1579224600.0,742538124.0
1171,1579224900.0,804250248.0
1172,1579225200.0,1177474719.0
1173,1579225500.0,1149254127.0
1174,1579225800.0,976012984.0
1175,1579226100.0,1125900604.0
1176,1579226400.0,1082246537.0
1177,1579226700.0,1304028674.0
1178,1579227000.0,774903271.0
1179,1579227300.0,694489382.0
1180,1579227600.0,714460890.0
1181,1579227900.0,687223573.0
1182,1579228200.0,722742437.0
1183,1579228500.0,955872463.0
1184,1579228800.0,1223641547.0
1185,1579229100.0,711142266.0
1186,1579229400.0,720729221.0
1187,1579229700.0,760471000.0
1188,1579230000.0,925693499.0
1189,1579230300.0,1253980874.0
1190,1579230600.0,674480506.0
1191,1579230900.0,738313990.0
1192,1579231200.0,711047120.0
1193,1579231500.0,1196933316.0
1194,1579231800.0,1198287372.0
1195,1579232100.0,1142705185.0
1196,1579232400.0,899080199.0
1197,1579232700.0,734564925.0
1198,1579233000.0,768411433.0
1199,1579233300.0,1154683927.0
1200,1579233600.0,1257498096.0
1201,1579233900.0,1198703876.0
1202,1579234200.0,1301951543.0
1203,1579234500.0,709387213.0
1204,1579234800.0,778596592.0
1205,1579235100.0,645266971.0
1206,1579235400.0,660381846.0
1207,1579235700.0,917013210.0
1208,1579236000.0,1090646543.0
1209,1579236300.0,581835963.0
1210,1579236600.0,541818897.0
1211,1579236900.0,552655330.0
1212,1579237200.0,525169128.0
1213,1579237500.0,564563240.0
1214,1579237800.0,541462481.0
1215,1579238100.0,472912423.0
1216,1579238400.0,546296871.0
1217,1579238700.0,516877099.0
1218,1579239000.0,517094847.0
1219,1579239300.0,484498034.0
1220,1579239600.0,495424203.0
1221,1579239900.0,512097320.0
1222,1579240200.0,506026459.0
1223,1579240500.0,498176344.0
1224,1579240800.0,527068648.0
1225,1579241100.0,559687211.0
1226,1579241400.0,709484408.0
1227,1579241700.0,628531613.0
1228,1579242000.0,873844778.0
1229,1579242300.0,710890267.0
1230,1579242600.0,669968601.0
1231,1579242900.0,1060571469.0
1232,1579243200.0,1173831475.0
1233,1579243500.0,1169227102.0
1234,1579243800.0,878103877.0
1235,1579244100.0,717239307.0
1236,1579244400.0,771014840.0
1237,1579244700.0,776660340.0
1238,1579245000.0,747111738.0
1239,1579245300.0,1309132221.0
1240,1579245600.0,1757733593.0
1241,1579245900.0,951059826.0
1242,1579246200.0,752672822.0
1243,1579246500.0,838739829.0
1244,1579246800.0,770537700.0
1245,1579247100.0,1151769235.0
1246,1579247400.0,1087232106.0
1247,1579247700.0,1106706462.0
1248,1579248000.0,887857653.0
1249,1579248300.0,1226711006.0
1250,1579248600.0,1002857361.0
1251,1579248900.0,1086128394.0
1252,1579249200.0,753422885.0
1253,1579249500.0,743966333.0
1254,1579249800.0,647083093.0
1255,1579250100.0,865346338.0
1256,1579250400.0,1107539019.0
1257,1579250700.0,1157884999.0
1258,1579251000.0,1180891003.0
1259,1579251300.0,1054534395.0
1260,1579251600.0,1248222816.0
1261,1579251900.0,668436381.0
1262,1579252200.0,664205493.0
1263,1579252500.0,734221268.0
1264,1579252800.0,638991075.0
1265,1579253100.0,611388348.0
1266,1579253400.0,690918266.0
1267,1579253700.0,676187401.0
1268,1579254000.0,749829404.0
1269,1579254300.0,657525816.0
1270,1579254600.0,689695515.0
1271,1579254900.0,658643206.0
1272,1579255200.0,629302564.0
1273,1579255500.0,584033695.0
1274,1579255800.0,725178572.0
1275,1579256100.0,679008705.0
1276,1579256400.0,707705547.0
1277,1579256700.0,571303737.0
1278,1579257000.0,535114819.0
1279,1579257300.0,566471006.0
1280,1579257600.0,933459385.0
1281,1579257900.0,1264493698.0
1282,1579258200.0,871420254.0
1283,1579258500.0,757279606.0
1284,1579258800.0,544604537.0
1285,1579259100.0,578358771.0
1286,1579259400.0,566431648.0
1287,1579259700.0,536626144.0
1288,1579260000.0,613539799.0
1289,1579260300.0,522641066.0
1290,1579260600.0,473717530.0
1291,1579260900.0,514079704.0
1292,1579261200.0,495624525.0
1293,1579261500.0,503816186.0
1294,1579261800.0,524454425.0
1295,1579262100.0,452029787.0
1296,1579262400.0,522132231.0
1297,1579262700.0,542745757.0
1298,1579263000.0,528938764.0
1299,1579263300.0,503138879.0
1300,1579263600.0,475851042.0
1301,1579263900.0,568215764.0
1302,1579264200.0,489809879.0
1303,1579264500.0,477876420.0
1304,1579264800.0,501982636.0
1305,1579265100.0,502760989.0
1306,1579265400.0,462531700.0
1307,1579265700.0,447049380.0
1308,1579266000.0,492347034.0
1309,1579266300.0,468531594.0
1310,1579266600.0,493772341.0
1311,1579266900.0,484201529.0
1312,1579267200.0,480220348.0
1313,1579267500.0,456675139.0
1314,1579267800.0,434726760.0
1315,1579268100.0,463327183.0
1316,1579268400.0,493911631.0
1317,1579268700.0,467642977.0
1318,1579269000.0,487941366.0
1319,1579269300.0,445148859.0
1320,1579269600.0,467606659.0
1321,1579269900.0,514830941.0
1322,1579270200.0,444480836.0
1323,1579270500.0,516042780.0
1324,1579270800.0,445678158.0
1325,1579271100.0,443849648.0
1326,1579271400.0,456333255.0
1327,1579271700.0,445193852.0
1328,1579272000.0,451735778.0
1329,1579272300.0,502398779.0
1330,1579272600.0,441775384.0
1331,1579272900.0,440995209.0
1332,1579273200.0,454620906.0
1333,1579273500.0,484859330.0
1334,1579273800.0,444854503.0
1335,1579274100.0,485693802.0
1336,1579274400.0,494647274.0
1337,1579274700.0,542229441.0
1338,1579275000.0,435037223.0
1339,1579275300.0,473783063.0
1340,1579275600.0,468222345.0
1341,1579275900.0,432231077.0
1342,1579276200.0,450540037.0
1343,1579276500.0,442058600.0
1344,1579276800.0,445397317.0
1345,1579277100.0,461266200.0
1346,1579277400.0,439624727.0
1347,1579277700.0,446070091.0
1348,1579278000.0,447455142.0
1349,1579278300.0,422827005.0
1350,1579278600.0,440807914.0
1351,1579278900.0,441320649.0
1352,1579279200.0,432802917.0
1353,1579279500.0,433477573.0
1354,1579279800.0,450372546.0
1355,1579280100.0,481769652.0
1356,1579280400.0,427809571.0
1357,1579280700.0,462712435.0
1358,1579281000.0,486195990.0
1359,1579281300.0,483230085.0
1360,1579281600.0,500527127.0
1361,1579281900.0,464104061.0
1362,1579282200.0,442788322.0
1363,1579282500.0,458824087.0
1364,1579282800.0,434683871.0
1365,1579283100.0,432062745.0
1366,1579283400.0,448896725.0
1367,1579283700.0,437968537.0
1368,1579284000.0,463589880.0
1369,1579284300.0,434534277.0
1370,1579284600.0,433643606.0
1371,1579284900.0,420664489.0
1372,1579285200.0,431973332.0
1373,1579285500.0,416376652.0
1374,1579285800.0,424561252.0
1375,1579286100.0,476332345.0
1376,1579286400.0,439083019.0
1377,1579286700.0,415525075.0
1378,1579287000.0,420556469.0
1379,1579287300.0,425230920.0
1380,1579287600.0,487611446.0
1381,1579287900.0,514251648.0
1382,1579288200.0,470224584.0
1383,1579288500.0,405619264.0
1384,1579288800.0,401114605.0
1385,1579289100.0,399410871.0
1386,1579289400.0,403776989.0
1387,1579289700.0,386106794.0
1388,1579290000.0,398770352.0
1389,1579290300.0,419759180.0
1390,1579290600.0,404533910.0
1391,1579290900.0,392002702.0
1392,1579291200.0,382464828.0
1393,1579291500.0,398898582.0
1394,1579291800.0,400648934.0
1395,1579292100.0,387973672.0
1396,1579292400.0,420441420.0
1397,1579292700.0,407510269.0
1398,1579293000.0,404606693.0
1399,1579293300.0,385536810.0
1400,1579293600.0,394790595.0
1401,1579293900.0,390498877.0
1402,1579294200.0,406623480.0
1403,1579294500.0,377271885.0
1404,1579294800.0,398375237.0
1405,1579295100.0,380253228.0
1406,1579295400.0,402095494.0
1407,1579295700.0,389410515.0
1408,1579296000.0,405778906.0
1409,1579296300.0,422154567.0
1410,1579296600.0,425051360.0
1411,1579296900.0,416205452.0
1412,1579297200.0,439169737.0
1413,1579297500.0,418566744.0
1414,1579297800.0,430716631.0
1415,1579298100.0,425176496.0
1416,1579298400.0,428413603.0
1417,1579298700.0,449166233.0
1418,1579299000.0,443561595.0
1419,1579299300.0,458686129.0
1420,1579299600.0,427408584.0
1421,1579299900.0,414975068.0
1422,1579300200.0,410819837.0
1423,1579300500.0,420953078.0
1424,1579300800.0,434653831.0
1425,1579301100.0,417753026.0
1426,1579301400.0,404972624.0
1427,1579301700.0,438486371.0
1428,1579302000.0,423083218.0
1429,1579302300.0,428986921.0
1430,1579302600.0,461396570.0
1431,1579302900.0,415920056.0
1432,1579303200.0,429973431.0
1433,1579303500.0,430275457.0
1434,1579303800.0,424992708.0
1435,1579304100.0,428102022.0
1436,1579304400.0,422046647.0
1437,1579304700.0,449119027.0
1438,1579305000.0,435867761.0
1439,1579305300.0,436109889.0
1440,1579305600.0,440839230.0
1441,1579305900.0,455980028.0
1442,1579306200.0,449339142.0
1443,1579306500.0,473890057.0
1444,1579306800.0,450757219.0
1445,1579307100.0,442761486.0
1446,1579307400.0,446253008.0
1447,1579307700.0,465149069.0
1448,1579308000.0,477154030.0
1449,1579308300.0,495268689.0
1450,1579308600.0,551820797.0
1451,1579308900.0,516807597.0
1452,1579309200.0,481444503.0
1453,1579309500.0,529025093.0
1454,1579309800.0,569171439.0
1455,1579310100.0,608393734.0
1456,1579310400.0,518550063.0
1457,1579310700.0,517496507.0
1458,1579311000.0,650007790.0
1459,1579311300.0,538325751.0
1460,1579311600.0,567755814.0
1461,1579311900.0,635508674.0
1462,1579312200.0,580183952.0
1463,1579312500.0,529876247.0
1464,1579312800.0,605358493.0
1465,1579313100.0,553747251.0
1466,1579313400.0,610294435.0
1467,1579313700.0,619744050.0
1468,1579314000.0,583662223.0
1469,1579314300.0,602890885.0
1470,1579314600.0,624930714.0
1471,1579314900.0,672555208.0
1472,1579315200.0,617688164.0
1473,1579315500.0,616121437.0
1474,1579315800.0,602819174.0
1475,1579316100.0,681883281.0
1476,1579316400.0,678047041.0
1477,1579316700.0,728065669.0
1478,1579317000.0,668673085.0
1479,1579317300.0,540153490.0
1480,1579317600.0,612109569.0
1481,1579317900.0,574970344.0
1482,1579318200.0,620089314.0
1483,1579318500.0,538197643.0
1484,1579318800.0,585648315.0
1485,1579319100.0,635117698.0
1486,1579319400.0,610093973.0
1487,1579319700.0,579897338.0
1488,1579320000.0,592342776.0
1489,1579320300.0,666231601.0
1490,1579320600.0,539371481.0
1491,1579320900.0,528808505.0
1492,1579321200.0,522146805.0
1493,1579321500.0,535702468.0
1494,1579321800.0,491918786.0
1495,1579322100.0,603037834.0
1496,1579322400.0,496665594.0
1497,1579322700.0,547706649.0
1498,1579323000.0,507882302.0
1499,1579323300.0,555835807.0
1500,1579323600.0,490788393.0
1501,1579323900.0,532215026.0
1502,1579324200.0,545876188.0
1503,1579324500.0,539756194.0
1504,1579324800.0,511200708.0
1505,1579325100.0,509686126.0
1506,1579325400.0,479940887.0
1507,1579325700.0,499362829.0
1508,1579326000.0,523126355.0
1509,1579326300.0,463639432.0
1510,1579326600.0,492499248.0
1511,1579326900.0,486057930.0
1512,1579327200.0,458121525.0
1513,1579327500.0,481907711.0
1514,1579327800.0,481203763.0
1515,1579328100.0,502429956.0
1516,1579328400.0,437722920.0
1517,1579328700.0,519109181.0
1518,1579329000.0,480655540.0
1519,1579329300.0,501894984.0
1520,1579329600.0,497093105.0
1521,1579329900.0,515666305.0
1522,1579330200.0,537996704.0
1523,1579330500.0,555576640.0
1524,1579330800.0,478096165.0
1525,1579331100.0,548096215.0
1526,1579331400.0,505112704.0
1527,1579331700.0,630426727.0
1528,1579332000.0,488884715.0
1529,1579332300.0,469781774.0
1530,1579332600.0,461844703.0
1531,1579332900.0,446398397.0
1532,1579333200.0,465461819.0
1533,1579333500.0,459194863.0
1534,1579333800.0,880689053.0
1535,1579334100.0,609579938.0
1536,1579334400.0,451837564.0
1537,1579334700.0,532748209.0
1538,1579335000.0,484519687.0
1539,1579335300.0,469205146.0
1540,1579335600.0,465209673.0
1541,1579335900.0,447686119.0
1542,1579336200.0,480561511.0
1543,1579336500.0,492111835.0
1544,1579336800.0,456870110.0
1545,1579337100.0,508256220.0
1546,1579337400.0,501331572.0
1547,1579337700.0,455550017.0
1548,1579338000.0,457788165.0
1549,1579338300.0,484045364.0
1550,1579338600.0,458359611.0
1551,1579338900.0,452149546.0
1552,1579339200.0,469801614.0
1553,1579339500.0,464076218.0
1554,1579339800.0,513060074.0
1555,1579340100.0,625923368.0
1556,1579340400.0,480041838.0
1557,1579340700.0,441919103.0
1558,1579341000.0,452903471.0
1559,1579341300.0,497444498.0
1560,1579341600.0,513807675.0
1561,1579341900.0,644018655.0
1562,1579342200.0,467882239.0
1563,1579342500.0,448422683.0
1564,1579342800.0,505157710.0
1565,1579343100.0,459686879.0
1566,1579343400.0,509072062.0
1567,1579343700.0,488837130.0
1568,1579344000.0,465886895.0
1569,1579344300.0,460560708.0
1570,1579344600.0,491322939.0
1571,1579344900.0,459636370.0
1572,1579345200.0,480925910.0
1573,1579345500.0,442391597.0
1574,1579345800.0,472525243.0
1575,1579346100.0,445424999.0
1576,1579346400.0,442274833.0
1577,1579346700.0,450162718.0
1578,1579347000.0,486125547.0
1579,1579347300.0,441272730.0
1580,1579347600.0,490841203.0
1581,1579347900.0,451160401.0
1582,1579348200.0,454544643.0
1583,1579348500.0,460879212.0
1584,1579348800.0,444619034.0
1585,1579349100.0,488462831.0
1586,1579349400.0,441162927.0
1587,1579349700.0,451525279.0
1588,1579350000.0,445240682.0
1589,1579350300.0,460623139.0
1590,1579350600.0,420028909.0
1591,1579350900.0,455739810.0
1592,1579351200.0,441195179.0
1593,1579351500.0,436369925.0
1594,1579351800.0,411302553.0
1595,1579352100.0,418325999.0
1596,1579352400.0,425226888.0
1597,1579352700.0,412750621.0
1598,1579353000.0,398984125.0
1599,1579353300.0,423705864.0
1600,1579353600.0,428992913.0
1601,1579353900.0,422662953.0
1602,1579354200.0,396374971.0
1603,1579354500.0,423794430.0
1604,1579354800.0,434091904.0
1605,1579355100.0,419371957.0
1606,1579355400.0,482709364.0
1607,1579355700.0,415241779.0
1608,1579356000.0,416469369.0
1609,1579356300.0,423910544.0
1610,1579356600.0,440896204.0
1611,1579356900.0,427576925.0
1612,1579357200.0,445629859.0
1613,1579357500.0,410850681.0
1614,1579357800.0,412274596.0
1615,1579358100.0,418177720.0
1616,1579358400.0,418739305.0
1617,1579358700.0,429118202.0
1618,1579359000.0,411043254.0
1619,1579359300.0,399973724.0
1620,1579359600.0,417939644.0
1621,1579359900.0,432708053.0
1622,1579360200.0,402280330.0
1623,1579360500.0,417629058.0
1624,1579360800.0,452038255.0
1625,1579361100.0,415559648.0
1626,1579361400.0,425078740.0
1627,1579361700.0,428940533.0
1628,1579362000.0,426054804.0
1629,1579362300.0,428416094.0
1630,1579362600.0,453475677.0
1631,1579362900.0,466704020.0
1632,1579363200.0,423141313.0
1633,1579363500.0,444724327.0
1634,1579363800.0,432980293.0
1635,1579364100.0,414902292.0
1636,1579364400.0,415161049.0
1637,1579364700.0,426657210.0
1638,1579365000.0,429561230.0
1639,1579365300.0,421473660.0
1640,1579365600.0,424902877.0
1641,1579365900.0,422114234.0
1642,1579366200.0,433838448.0
1643,1579366500.0,428350262.0
1644,1579366800.0,440041924.0
1645,1579367100.0,470116208.0
1646,1579367400.0,464768256.0
1647,1579367700.0,450070189.0
1648,1579368000.0,457249592.0
1649,1579368300.0,460705265.0
1650,1579368600.0,513407576.0
1651,1579368900.0,478688989.0
1652,1579369200.0,425928705.0
1653,1579369500.0,455852830.0
1654,1579369800.0,464067434.0
1655,1579370100.0,417098875.0
1656,1579370400.0,426629680.0
1657,1579370700.0,413290152.0
1658,1579371000.0,410145251.0
1659,1579371300.0,412129653.0
1660,1579371600.0,448872285.0
1661,1579371900.0,407079943.0
1662,1579372200.0,418122474.0
1663,1579372500.0,414135408.0
1664,1579372800.0,409678727.0
1665,1579373100.0,404257064.0
1666,1579373400.0,433869886.0
1667,1579373700.0,415088384.0
1668,1579374000.0,428557946.0
1669,1579374300.0,405201158.0
1670,1579374600.0,403391901.0
1671,1579374900.0,421029623.0
1672,1579375200.0,442012621.0
1673,1579375500.0,417902282.0
1674,1579375800.0,424077814.0
1675,1579376100.0,436831272.0
1676,1579376400.0,404470045.0
1677,1579376700.0,402668002.0
1678,1579377000.0,440407897.0
1679,1579377300.0,421573392.0
1680,1579377600.0,427086496.0
1681,1579377900.0,432211965.0
1682,1579378200.0,400967953.0
1683,1579378500.0,414437101.0
1684,1579378800.0,419164816.0
1685,1579379100.0,419878077.0
1686,1579379400.0,414348819.0
1687,1579379700.0,387677698.0
1688,1579380000.0,419624232.0
1689,1579380300.0,416359881.0
1690,1579380600.0,431554749.0
1691,1579380900.0,468606857.0
1692,1579381200.0,412208370.0
1693,1579381500.0,426660427.0
1694,1579381800.0,411504383.0
1695,1579382100.0,425262242.0
1696,1579382400.0,407102419.0
1697,1579382700.0,430831875.0
1698,1579383000.0,410364066.0
1699,1579383300.0,415226891.0
1700,1579383600.0,420059483.0
1701,1579383900.0,420356852.0
1702,1579384200.0,425400152.0
1703,1579384500.0,421667321.0
1704,1579384800.0,440234334.0
1705,1579385100.0,421857283.0
1706,1579385400.0,411519000.0
1707,1579385700.0,423601569.0
1708,1579386000.0,452543044.0
1709,1579386300.0,433176627.0
1710,1579386600.0,431069752.0
1711,1579386900.0,430006284.0
1712,1579387200.0,415442487.0
1713,1579387500.0,433075211.0
1714,1579387800.0,418014607.0
1715,1579388100.0,416992940.0
1716,1579388400.0,423713530.0
1717,1579388700.0,425741431.0
1718,1579389000.0,421856914.0
1719,1579389300.0,432012364.0
1720,1579389600.0,448714390.0
1721,1579389900.0,447501823.0
1722,1579390200.0,471137585.0
1723,1579390500.0,427803250.0
1724,1579390800.0,441699533.0
1725,1579391100.0,410071574.0
1726,1579391400.0,449948643.0
1727,1579391700.0,435578206.0
1728,1579392000.0,424428506.0
1729,1579392300.0,427634083.0
1730,1579392600.0,414113671.0
1731,1579392900.0,438540845.0
1732,1579393200.0,423084336.0
1733,1579393500.0,444082508.0
1734,1579393800.0,457288520.0
1735,1579394100.0,459178935.0
1736,1579394400.0,429825275.0
1737,1579394700.0,438489185.0
1738,1579395000.0,450176791.0
1739,1579395300.0,430511352.0
1740,1579395600.0,448051862.0
1741,1579395900.0,461363189.0
1742,1579396200.0,424889058.0
1743,1579396500.0,462390511.0
1744,1579396800.0,451489882.0
1745,1579397100.0,429855612.0
1746,1579397400.0,414162760.0
1747,1579397700.0,468962827.0
1748,1579398000.0,438061410.0
1749,1579398300.0,462163513.0
1750,1579398600.0,445601893.0
1751,1579398900.0,462989038.0
1752,1579399200.0,437889692.0
1753,1579399500.0,453963969.0
1754,1579399800.0,437579525.0
1755,1579400100.0,478229612.0
1756,1579400400.0,440626652.0
1757,1579400700.0,448911615.0
1758,1579401000.0,466999335.0
1759,1579401300.0,448003022.0
1760,1579401600.0,447371456.0
1761,1579401900.0,452064125.0
1762,1579402200.0,448569373.0
1763,1579402500.0,434385580.0
1764,1579402800.0,452093438.0
1765,1579403100.0,459159993.0
1766,1579403400.0,463926201.0
1767,1579403700.0,460546116.0
1768,1579404000.0,533028991.0
1769,1579404300.0,443732513.0
1770,1579404600.0,465776621.0
1771,1579404900.0,469239429.0
1772,1579405200.0,427460281.0
1773,1579405500.0,428402403.0
1774,1579405800.0,450727886.0
1775,1579406100.0,427081711.0
1776,1579406400.0,457546752.0
1777,1579406700.0,448029709.0
1778,1579407000.0,452613698.0
1779,1579407300.0,438088444.0
1780,1579407600.0,439065275.0
1781,1579407900.0,423351495.0
1782,1579408200.0,474851328.0
1783,1579408500.0,430166443.0
1784,1579408800.0,463617479.0
1785,1579409100.0,452001355.0
1786,1579409400.0,447109908.0
1787,1579409700.0,433965195.0
1788,1579410000.0,450005970.0
1789,1579410300.0,441588383.0
1790,1579410600.0,480357490.0
1791,1579410900.0,459416158.0
1792,1579411200.0,449432281.0
1793,1579411500.0,458564040.0
1794,1579411800.0,444101183.0
1795,1579412100.0,441458258.0
1796,1579412400.0,440704337.0
1797,1579412700.0,444265961.0
1798,1579413000.0,475875836.0
1799,1579413300.0,449498335.0
1800,1579413600.0,477756459.0
1801,1579413900.0,435507856.0
1802,1579414200.0,456801271.0
1803,1579414500.0,454824239.0
1804,1579414800.0,469101889.0
1805,1579415100.0,425345795.0
1806,1579415400.0,450611886.0
1807,1579415700.0,437730094.0
1808,1579416000.0,455798975.0
1809,1579416300.0,438528725.0
1810,1579416600.0,460895597.0
1811,1579416900.0,456424351.0
1812,1579417200.0,441469307.0
1813,1579417500.0,447491344.0
1814,1579417800.0,440029521.0
1815,1579418100.0,437065021.0
1816,1579418400.0,437542580.0
1817,1579418700.0,429619000.0
1818,1579419000.0,461842836.0
1819,1579419300.0,431756127.0
1820,1579419600.0,425692549.0
1821,1579419900.0,426749448.0
1822,1579420200.0,424357415.0
1823,1579420500.0,455375145.0
1824,1579420800.0,449309652.0
1825,1579421100.0,448198873.0
1826,1579421400.0,437177487.0
1827,1579421700.0,456240327.0
1828,1579422000.0,431236527.0
1829,1579422300.0,445367096.0
1830,1579422600.0,427090114.0
1831,1579422900.0,443981540.0
1832,1579423200.0,443819517.0
1833,1579423500.0,438265233.0
1834,1579423800.0,439810296.0
1835,1579424100.0,447907631.0
1836,1579424400.0,443839720.0
1837,1579424700.0,440819631.0
1838,1579425000.0,450035324.0
1839,1579425300.0,439748538.0
1840,1579425600.0,449556321.0
1841,1579425900.0,447191995.0
1842,1579426200.0,440427570.0
1843,1579426500.0,452663067.0
1844,1579426800.0,481965600.0
1845,1579427100.0,440124698.0
1846,1579427400.0,453648037.0
1847,1579427700.0,444541442.0
1848,1579428000.0,450091203.0
1849,1579428300.0,475589683.0
1850,1579428600.0,441680343.0
1851,1579428900.0,448891641.0
1852,1579429200.0,445332117.0
1853,1579429500.0,483185550.0
1854,1579429800.0,472690947.0
1855,1579430100.0,449465827.0
1856,1579430400.0,442369730.0
1857,1579430700.0,453708419.0
1858,1579431000.0,434060193.0
1859,1579431300.0,472909129.0
1860,1579431600.0,457636483.0
1861,1579431900.0,452918756.0
1862,1579432200.0,449167748.0
1863,1579432500.0,435457299.0
1864,1579432800.0,452819004.0
1865,1579433100.0,463258980.0
1866,1579433400.0,435780127.0
1867,1579433700.0,454279235.0
1868,1579434000.0,454617789.0
1869,1579434300.0,436512053.0
1870,1579434600.0,432414728.0
1871,1579434900.0,428906616.0
1872,1579435200.0,451775064.0
1873,1579435500.0,434864215.0
1874,1579435800.0,441832688.0
1875,1579436100.0,430547786.0
1876,1579436400.0,438593597.0
1877,1579436700.0,409290507.0
1878,1579437000.0,424339714.0
1879,1579437300.0,430258801.0
1880,1579437600.0,466470308.0
1881,1579437900.0,438882095.0
1882,1579438200.0,416413647.0
1883,1579438500.0,460238949.0
1884,1579438800.0,443609895.0
1885,1579439100.0,419093294.0
1886,1579439400.0,451410325.0
1887,1579439700.0,404857510.0
1888,1579440000.0,427606104.0
1889,1579440300.0,465958249.0
1890,1579440600.0,432609122.0
1891,1579440900.0,412120883.0
1892,1579441200.0,427090704.0
1893,1579441500.0,478044507.0
1894,1579441800.0,448323526.0
1895,1579442100.0,433504771.0
1896,1579442400.0,423205650.0
1897,1579442700.0,437588881.0
1898,1579443000.0,453049843.0
1899,1579443300.0,430125337.0
1900,1579443600.0,461813591.0
1901,1579443900.0,427682032.0
1902,1579444200.0,433470741.0
1903,1579444500.0,424527762.0
1904,1579444800.0,425651643.0
1905,1579445100.0,416214513.0
1906,1579445400.0,451767309.0
1907,1579445700.0,433262911.0
1908,1579446000.0,439979129.0
1909,1579446300.0,457184224.0
1910,1579446600.0,455177017.0
1911,1579446900.0,419710501.0
1912,1579447200.0,422100667.0
1913,1579447500.0,440052853.0
1914,1579447800.0,422182673.0
1915,1579448100.0,447518670.0
1916,1579448400.0,470703186.0
1917,1579448700.0,436439093.0
1918,1579449000.0,415682009.0
1919,1579449300.0,23177891.0
1920,1579449600.0,428519156.0
1921,1579449900.0,430793287.0
1922,1579450200.0,421215742.0
1923,1579450500.0,397865717.0
1924,1579450800.0,436168771.0
1925,1579451100.0,399781204.0
1926,1579451400.0,462141429.0
1927,1579451700.0,405296787.0
1928,1579452000.0,411388326.0
1929,1579452300.0,402064779.0
1930,1579452600.0,413130810.0
1931,1579452900.0,406966515.0
1932,1579453200.0,417458740.0
1933,1579453500.0,425981769.0
1934,1579453800.0,410771542.0
1935,1579454100.0,415993978.0
1936,1579454400.0,447717436.0
1937,1579454700.0,398882566.0
1938,1579455000.0,407861362.0
1939,1579455300.0,381745962.0
1940,1579455600.0,408377444.0
1941,1579455900.0,415463390.0
1942,1579456200.0,435620911.0
1943,1579456500.0,399226971.0
1944,1579456800.0,429691991.0
1945,1579457100.0,403994537.0
1946,1579457400.0,422171568.0
1947,1579457700.0,406292603.0
1948,1579458000.0,400742943.0
1949,1579458300.0,410674713.0
1950,1579458600.0,405673114.0
1951,1579458900.0,423573001.0
1952,1579459200.0,434709092.0
1953,1579459500.0,398324681.0
1954,1579459800.0,399822632.0
1955,1579460100.0,409266415.0
1956,1579460400.0,415849463.0
1957,1579460700.0,428179720.0
1958,1579461000.0,388864376.0
1959,1579461300.0,400725492.0
1960,1579461600.0,415199580.0
1961,1579461900.0,399496554.0
1962,1579462200.0,412980783.0
1963,1579462500.0,397373141.0
1964,1579462800.0,392125274.0
1965,1579463100.0,401944390.0
1966,1579463400.0,406912444.0
1967,1579463700.0,399762566.0
1968,1579464000.0,387964479.0
1969,1579464300.0,403709090.0
1970,1579464600.0,411845167.0
1971,1579464900.0,411206534.0
1972,1579465200.0,388208624.0
1973,1579465500.0,427774485.0
1974,1579465800.0,390846986.0
1975,1579466100.0,400195127.0
1976,1579466400.0,389325057.0
1977,1579466700.0,403673086.0
1978,1579467000.0,461770801.0
1979,1579467300.0,416764579.0
1980,1579467600.0,386673155.0
1981,1579467900.0,403376327.0
1982,1579468200.0,404061577.0
1983,1579468500.0,416200256.0
1984,1579468800.0,402953137.0
1985,1579469100.0,398352620.0
1986,1579469400.0,398287621.0
1987,1579469700.0,397007143.0
1988,1579470000.0,405433903.0
1989,1579470300.0,390270975.0
1990,1579470600.0,392869820.0
1991,1579470900.0,388834746.0
1992,1579471200.0,413202593.0
1993,1579471500.0,409046483.0
1994,1579471800.0,402364942.0
1995,1579472100.0,385437030.0
1996,1579472400.0,394899964.0
1997,1579472700.0,406766485.0
1998,1579473000.0,450261676.0
1999,1579473300.0,409321239.0
2000,1579473600.0,401558848.0
2001,1579473900.0,389275980.0
2002,1579474200.0,404656638.0
2003,1579474500.0,405917330.0
2004,1579474800.0,401109013.0
2005,1579475100.0,402364511.0
2006,1579475400.0,439406819.0
2007,1579475700.0,408151798.0
2008,1579476000.0,393707967.0
2009,1579476300.0,410784592.0
2010,1579476600.0,404440452.0
2011,1579476900.0,406263668.0
2012,1579477200.0,407875094.0
2013,1579477500.0,412545745.0
2014,1579477800.0,404000382.0
2015,1579478100.0,425361135.0
2016,1579478400.0,428427648.0
2017,1579478700.0,445435856.0
2018,1579479000.0,422357472.0
2019,1579479300.0,438084116.0
2020,1579479600.0,421882970.0
2021,1579479900.0,449303653.0
2022,1579480200.0,452780456.0
2023,1579480500.0,496474319.0
2024,1579480800.0,69540858.0
2025,1579481100.0,0.0
2026,1579481400.0,0.0
2027,1579481700.0,69237831.0
2028,1579482000.0,41039156.0
2029,1579482300.0,443377932.0
2030,1579482600.0,51292794.0
2031,1579482900.0,0.0
2032,1579483200.0,0.0
2033,1579483500.0,0.0
2034,1579483800.0,0.0
2035,1579484100.0,0.0
2036,1579484400.0,0.0
2037,1579484700.0,0.0
2038,1579485000.0,0.0
2039,1579485300.0,0.0
2040,1579485600.0,0.0
2041,1579485900.0,0.0
2042,1579486200.0,0.0
2043,1579486500.0,0.0
2044,1579486800.0,0.0
2045,1579487100.0,0.0
2046,1579487400.0,27383209.0
2047,1579487700.0,1195474533.0
2048,1579488000.0,1001682015.0
2049,1579488300.0,594085248.0
2050,1579488600.0,2749468612.0
2051,1579488900.0,591844372.0
2052,1579489200.0,631694148.0
2053,1579489500.0,1004534418.0
2054,1579489800.0,1099935201.0
2055,1579490100.0,660295403.0
2056,1579490400.0,161515564.0
